gRNA-ID,gRNA-Seq,Target-Seq,PAM,No. off-targets,Off-target summary,Cutting Efficiency,Specificity,Rank,Coordinates,Strand
,,,,,,,,,,
TP53.862,AAAACATCTTGTTGAGGGCA,AAAACATCTTGTTGAGGGCA,NGG,152,2:4 | 3:52,0.541023016,0.1095840037,863,NC_000017.11:7675209-7675231,+
TP53.440,AAAACCTACCAGGGCAGCTA,TAGCTGCCCTGGTAGGTTTT,NGG,120,2:2 | 3:21,0.5319269896,0.2019219995,441,NC_000017.11:7676046-7676068,-
TP53.959,AAAATGTTTCCTGACTCAGA,AAAATGTTTCCTGACTCAGA,NGG,172,2:5 | 3:70,0.5938640237,0.08448579907,960,NC_000017.11:7676537-7676559,+
TP53.132,AAACACTTTTCGACATAGTG,CACTATGTCGAAAAGTGTTT,NGG,103,2:1 | 3:13,0.6190029979,0.2464459985,133,NC_000017.11:7674882-7674904,-
TP53.877,AAACATCTTGTTGAGGGCAG,AAACATCTTGTTGAGGGCAG,NGG,154,2:3 | 3:53,0.5402699709,0.08024310321,878,NC_000017.11:7675210-7675232,+
TP53.225,AAAGTCTAGAGCCACCGTCC,GGACGGTGGCTCTAGACTTT,NGG,109,2:0 | 3:15,0.5099729896,0.4021809995,226,NC_000017.11:7687464-7687486,-
TP53.676,AAATCATCCATTGCTTGGGA,AAATCATCCATTGCTTGGGA,NGG,134,2:1 | 3:34,0.591621995,0.1930940002,677,NC_000017.11:7676241-7676263,+
TP53.842,AAATCCTCCAGGGTGTGGGA,AAATCCTCCAGGGTGTGGGA,NGG,151,2:1 | 3:57,0.5306490064,0.09749390185,843,NC_000017.11:7668923-7668945,+
TP53.895,AAATGTTTCCTGACTCAGAG,AAATGTTTCCTGACTCAGAG,NGG,157,2:3 | 3:58,0.6889860034,0.133306995,896,NC_000017.11:7676538-7676560,+
TP53.273,AAATTTGCGTGTGGAGTATT,AATACTCCACACGCAAATTT,NGG,112,2:2 | 3:14,0.2530089915,0.3233309984,274,NC_000017.11:7674912-7674934,-
TP53.176,AACCATTGTTCAATATCGTC,AACCATTGTTCAATATCGTC,NGG,107,2:1 | 3:9,0.4584659934,0.3478299975,177,NC_000017.11:7676208-7676230,+
TP53.260,AACCCTGTCTGACAACCTCT,AGAGGTTGTCAGACAGGGTT,NGG,112,2:0 | 3:21,0.4916209877,0.4536910057,261,NC_000017.11:7668977-7668999,-
TP53.350,AACTCAAGGATGCCCAGGCT,AGCCTGGGCATCCTTGAGTT,NGG,116,2:1 | 3:30,0.5056970119,0.2707769871,351,NC_000017.11:7670641-7670663,-
TP53.846,AACTCATGTTCAAGACAGAA,TTCTGTCTTGAACATGAGTT,NGG,151,2:3 | 3:54,0.6074709892,0.1237739995,847,NC_000017.11:7669624-7669646,-
TP53.173,AACTTGTTCAGTGGAGCCCC,AACTTGTTCAGTGGAGCCCC,NGG,107,2:0 | 3:16,0.5185809731,0.3531920016,174,NC_000017.11:7669448-7669470,+
TP53.980,AAGAAATGTTCTTGCAGTTA,TAACTGCAAGAACATTTCTT,NGG,177,2:6 | 3:74,0.318908006,0.1368979961,981,NC_000017.11:7669327-7669349,-
TP53.725,AAGAGAATCTCCGCAAGAAA,TTTCTTGCGGAGATTCTCTT,NGG,138,2:4 | 3:41,0.4905659854,0.1658039987,726,NC_000017.11:7673741-7673763,-
TP53.224,AAGTCTAGAGCCACCGTCCA,TGGACGGTGGCTCTAGACTT,NGG,109,2:2 | 3:14,0.5522059798,0.5845530033,225,NC_000017.11:7687463-7687485,-
TP53.984,AATCAACCCACAGCTGCACA,AATCAACCCACAGCTGCACA,NGG,178,2:6 | 3:77,0.6716750264,0.1013490036,985,NC_000017.11:7675167-7675189,+
TP53.593,AATCAGCCACATTCTAGGTA,TACCTAGAATGTGGCTGATT,NGG,129,2:2 | 3:32,0.5625830293,0.2520430088,594,NC_000017.11:7669294-7669316,-
TP53.576,AATCCTCCAGGGTGTGGGAT,AATCCTCCAGGGTGTGGGAT,NGG,128,2:1 | 3:34,0.4481190145,0.1874420047,577,NC_000017.11:7668924-7668946,+
TP53.764,AATGTTTCCTGACTCAGAGG,AATGTTTCCTGACTCAGAGG,NGG,141,2:4 | 3:48,0.6650500298,0.1478669941,765,NC_000017.11:7676539-7676561,+
TP53.946,ACAAAGCAAATGGAAGTCCT,ACAAAGCAAATGGAAGTCCT,NGG,170,2:10 | 3:67,0.6146540046,0.1356599927,947,NC_000017.11:7669471-7669493,+
TP53.752,ACAAGAGATGAAATCCTCCA,ACAAGAGATGAAATCCTCCA,NGG,140,2:1 | 3:44,0.6817359924,0.1599850059,753,NC_000017.11:7668913-7668935,+
TP53.777,ACAGTGAGGGACAGCTTCCC,ACAGTGAGGGACAGCTTCCC,NGG,143,2:5 | 3:51,0.4601739943,0.09116809815,778,NC_000017.11:7669252-7669274,+
TP53.737,ACATACCAGCTTAGATTTTA,TAAAATCTAAGCTGGTATGT,NGG,139,2:2 | 3:41,0.1589580029,0.1284250021,738,NC_000017.11:7669380-7669402,-
TP53.355,ACCAGCAGCTCCTACACCGG,CCGGTGTAGGAGCTGCTGGT,NGG,116,2:0 | 3:22,0.6413469911,0.2794699967,356,NC_000017.11:7676119-7676141,-
TP53.141,ACCATTGTTCAATATCGTCC,ACCATTGTTCAATATCGTCC,NGG,104,2:1 | 3:9,0.5213450193,0.236552,142,NC_000017.11:7676209-7676231,+
TP53.476,ACCCACCGACCAACAGGGAG,ACCCACCGACCAACAGGGAG,NGG,122,2:2 | 3:25,0.4499520063,0.1554429978,477,NC_000017.11:7669067-7669089,+
TP53.563,ACCTCACAGAGTGCATTGTG,CACAATGCACTCTGTGAGGT,NGG,127,2:2 | 3:29,0.6260480285,0.1798180044,564,NC_000017.11:7669175-7669197,-
TP53.4,ACGACGGTGACACGCTTCCC,GGGAAGCGTGTCACCGTCGT,NGG,36,2:0 | 3:2,0.4889929891,0.9248279929,5,NC_000017.11:7687382-7687404,-
TP53.128,ACGCACACCTATTGCAAGCA,ACGCACACCTATTGCAAGCA,NGG,103,2:1 | 3:10,0.5737800002,0.3402130008,129,NC_000017.11:7669502-7669524,+
TP53.189,ACTCGGATAAGATGCTGAGG,ACTCGGATAAGATGCTGAGG,NGG,108,2:0 | 3:16,0.5994240046,0.2110850066,190,NC_000017.11:7674941-7674963,+
TP53.395,ACTGACCCTTTTTGGACTTC,ACTGACCCTTTTTGGACTTC,NGG,118,2:0 | 3:27,0.316475004,0.1877990067,396,NC_000017.11:7669665-7669687,+
TP53.239,ACTGGGACGGAACAGCTTTG,CAAAGCTGTTCCGTCCCAGT,NGG,111,2:2 | 3:15,0.5098389983,0.2568359971,240,NC_000017.11:7673806-7673828,-
TP53.924,AGAAATGTTCTTGCAGTTAA,TTAACTGCAAGAACATTTCT,NGG,165,2:2 | 3:65,0.3998079896,0.1584690064,925,NC_000017.11:7669326-7669348,-
TP53.1047,AGAAGATGACAGGGGCCAGG,AGAAGATGACAGGGGCCAGG,NGG,213,2:6 | 3:112,0.4437479973,0.06237290055,1048,NC_000017.11:7676081-7676103,+
TP53.669,AGACCCCATGTAATAAAAGG,AGACCCCATGTAATAAAAGG,NGG,134,2:1 | 3:40,0.6057980061,0.159582004,670,NC_000017.11:7669120-7669142,+
TP53.850,AGACCTGCCCTGTGCAGCTG,CAGCTGCACAGGGCAGGTCT,NGG,151,2:5 | 3:62,0.4161719978,0.08632849902,851,NC_000017.11:7675174-7675196,-
TP53.534,AGAGAATCTCCGCAAGAAAG,CTTTCTTGCGGAGATTCTCT,NGG,125,2:0 | 3:31,0.6242910028,0.1756889969,535,NC_000017.11:7673740-7673762,-
TP53.223,AGAGCCACCGTCCAGGGAGC,GCTCCCTGGACGGTGGCTCT,NGG,109,2:1 | 3:29,0.4599539936,0.1482750028,224,NC_000017.11:7687457-7687479,-
TP53.613,AGAGGGAACAAGCACCCTCA,AGAGGGAACAAGCACCCTCA,NGG,130,2:2 | 3:35,0.4990850091,0.1824779958,614,NC_000017.11:7669085-7669107,+
TP53.592,AGAGGTTGTCAGACAGGGTT,AGAGGTTGTCAGACAGGGTT,NGG,129,2:0 | 3:32,0.4104399979,0.2682529986,593,NC_000017.11:7668980-7669002,+
TP53.831,AGATGAAATCCTCCAGGGTG,AGATGAAATCCTCCAGGGTG,NGG,150,2:7 | 3:51,0.4912259877,0.1362500042,832,NC_000017.11:7668918-7668940,+
TP53.1095,AGATGACAGGGGCCAGGAGG,AGATGACAGGGGCCAGGAGG,NGG,259,2:11 | 3:154,0.4136829972,0.03301500157,1096,NC_000017.11:7676084-7676106,+
TP53.108,AGATGGCCATGGCGCGGACG,AGATGGCCATGGCGCGGACG,NGG,101,2:0 | 3:6,0.4339540005,0.4191940129,109,NC_000017.11:7675125-7675147,+
TP53.782,AGATTTCCTTTTAGGTACTA,AGATTTCCTTTTAGGTACTA,NGG,144,2:2 | 3:46,0.4154410064,0.1325670034,783,NC_000017.11:7668950-7668972,+
TP53.206,AGCACATGACGGAGGTTGTG,CACAACCTCCGTCATGTGCT,NGG,109,2:1 | 3:11,0.5607150197,0.4786640108,207,NC_000017.11:7675090-7675112,-
TP53.945,AGCAGGTAGCTGCTGGGCTC,GAGCCCAGCAGCTACCTGCT,NGG,169,2:3 | 3:72,0.3191989958,0.1035429984,946,NC_000017.11:7687440-7687462,-
TP53.1078,AGCTGCTGGTGCAGGGGCCA,AGCTGCTGGTGCAGGGGCCA,NGG,243,2:10 | 3:143,0.3461509943,0.05062370002,1079,NC_000017.11:7676132-7676154,+
TP53.577,AGGGAACAAGCACCCTCAAG,AGGGAACAAGCACCCTCAAG,NGG,128,2:2 | 3:30,0.6035400033,0.2537150085,578,NC_000017.11:7669087-7669109,+
TP53.12,AGGGAAGCGTGTCACCGTCG,AGGGAAGCGTGTCACCGTCG,NGG,54,2:0 | 3:3,0.6425669789,0.8869889975,13,NC_000017.11:7687384-7687406,+
TP53.200,AGGTACTAAGGTTCACCAAG,AGGTACTAAGGTTCACCAAG,NGG,109,2:0 | 3:12,0.6405249834,0.5779179931,201,NC_000017.11:7668962-7668984,+
TP53.419,AGTGGAAGGAAATTTGCGTG,CACGCAAATTTCCTTCCACT,NGG,119,2:2 | 3:21,0.6887249947,0.3655129969,420,NC_000017.11:7674921-7674943,-
TP53.903,AGTGGTTTCTTCTTTGGCTG,AGTGGTTTCTTCTTTGGCTG,NGG,159,2:6 | 3:56,0.4987049997,0.09505169839,904,NC_000017.11:7673560-7673582,+
TP53.651,AGTTTCTACAGTTGGGCAGC,GCTGCCCAACTGTAGAAACT,NGG,133,2:3 | 3:31,0.4258509874,0.1934060007,652,NC_000017.11:7669040-7669062,-
TP53.921,ATAAGAGATCGATATAAAAA,ATAAGAGATCGATATAAAAA,NGG,164,2:1 | 3:71,0.2463479936,0.1037430018,922,NC_000017.11:7668444-7668466,+
TP53.209,ATCCATTGCTTGGGACGGCA,ATCCATTGCTTGGGACGGCA,NGG,109,2:0 | 3:16,0.496953994,0.2040939927,210,NC_000017.11:7676246-7676268,+
TP53.843,ATCCTCCAGGGTGTGGGATG,ATCCTCCAGGGTGTGGGATG,NGG,151,2:6 | 3:49,0.4350939989,0.09138090163,844,NC_000017.11:7668925-7668947,+
TP53.724,ATCTCTTGTATATGATGATC,GATCATCATATACAAGAGAT,NGG,138,2:3 | 3:38,0.3890849948,0.08580780029,725,NC_000017.11:7668899-7668921,-
TP53.335,ATCTGACTGCGGCTCCTCCA,ATCTGACTGCGGCTCCTCCA,NGG,115,2:3 | 3:17,0.481855005,0.2358659953,336,NC_000017.11:7676574-7676596,+
TP53.157,ATCTGAGCAGCGCTCATGGT,ATCTGAGCAGCGCTCATGGT,NGG,106,2:1 | 3:9,0.3595170081,0.5216249824,158,NC_000017.11:7675060-7675082,+
TP53.974,ATGCCAGCATTTCACAGATA,ATGCCAGCATTTCACAGATA,NGG,176,2:7 | 3:74,0.2969760001,0.07299699634,975,NC_000017.11:7669206-7669228,+
TP53.135,ATGGCGCGGACGCGGGTGCC,ATGGCGCGGACGCGGGTGCC,NGG,103,2:0 | 3:9,0.2811099887,0.6260690093,136,NC_000017.11:7675133-7675155,+
TP53.969,ATGGGGTGAGATTTCCTTTT,ATGGGGTGAGATTTCCTTTT,NGG,175,2:3 | 3:78,0.1652169973,0.06746610254,970,NC_000017.11:7668942-7668964,+
TP53.462,ATGTGTAACAGTTCCTGCAT,ATGCAGGAACTGTTACACAT,NGG,121,2:0 | 3:28,0.5800880194,0.2053570002,463,NC_000017.11:7674232-7674254,-
TP53.1055,ATTTTAAGGTTTTTACTGTG,CACAGTAAAAACCTTAAAAT,NGG,225,2:7 | 3:123,0.6166229844,0.05540530011,1056,NC_000017.11:7669366-7669388,-
TP53.537,CAAAACATCTTGTTGAGGGC,CAAAACATCTTGTTGAGGGC,NGG,125,2:3 | 3:25,0.435645014,0.1811700016,538,NC_000017.11:7675208-7675230,+
TP53.619,CAACAAGATGTTTTGCCAAC,GTTGGCAAAACATCTTGTTG,NGG,130,2:1 | 3:32,0.3843100071,0.1398710012,620,NC_000017.11:7675200-7675222,-
TP53.187,CAACTTGTTCAGTGGAGCCC,CAACTTGTTCAGTGGAGCCC,NGG,108,2:1 | 3:18,0.4678390026,0.2641350031,188,NC_000017.11:7669447-7669469,+
TP53.600,CAAGCAGTCACAGCACATGA,TCATGTGCTGTGACTGCTTG,NGG,129,2:2 | 3:34,0.6637359858,0.1951400042,601,NC_000017.11:7675101-7675123,-
TP53.1040,CAAGGATGCCCAGGCTGGGA,TCCCAGCCTGGGCATCCTTG,NGG,207,2:7 | 3:106,0.5090659857,0.05150030181,1041,NC_000017.11:7670637-7670659,-
TP53.347,CAATCAGCCACATTCTAGGT,ACCTAGAATGTGGCTGATTG,NGG,116,2:1 | 3:22,0.5151960254,0.3199290037,348,NC_000017.11:7669295-7669317,-
TP53.538,CAATGGTTCACTGAAGACCC,GGGTCTTCAGTGAACCATTG,NGG,125,2:1 | 3:26,0.6868929863,0.1995680034,539,NC_000017.11:7676193-7676215,-
TP53.630,CACAATGCACTCTGTGAGGT,CACAATGCACTCTGTGAGGT,NGG,131,2:0 | 3:35,0.5910789967,0.1093849987,631,NC_000017.11:7669178-7669200,+
TP53.306,CACCAAGAGGTTGTCAGACA,CACCAAGAGGTTGTCAGACA,NGG,114,2:0 | 3:25,0.4873769879,0.4027149975,307,NC_000017.11:7668975-7668997,+
TP53.274,CACGCAAATTTCCTTCCACT,CACGCAAATTTCCTTCCACT,NGG,112,2:5 | 3:9,0.5366610289,0.3649559915,275,NC_000017.11:7674924-7674946,+
TP53.79,CACTTTTCGACATAGTGTGG,CCACACTATGTCGAAAAGTG,NGG,97,2:0 | 3:8,0.6528249979,0.368591994,80,NC_000017.11:7674879-7674901,-
TP53.949,CAGAATGCAAGAAGCCCAGA,CAGAATGCAAGAAGCCCAGA,NGG,170,2:2 | 3:74,0.5995110273,0.1012609974,950,NC_000017.11:7676020-7676042,+
TP53.314,CAGCATCTTATCCGAGTGGA,TCCACTCGGATAAGATGCTG,NGG,114,2:2 | 3:15,0.5823510289,0.3420889974,315,NC_000017.11:7674935-7674957,-
TP53.1011,CAGCTGCACAGGGCAGGTCT,CAGCTGCACAGGGCAGGTCT,NGG,187,2:10 | 3:85,0.4845019877,0.1099580005,1012,NC_000017.11:7675177-7675199,+
TP53.601,CAGGGCAGGTCTTGGCCAGT,CAGGGCAGGTCTTGGCCAGT,NGG,129,2:1 | 3:39,0.4989930093,0.1893630028,602,NC_000017.11:7675185-7675207,+
TP53.736,CAGGTAGCTGCTGGGCTCCG,CGGAGCCCAGCAGCTACCTG,NGG,138,2:1 | 3:51,0.5666850209,0.09209159762,737,NC_000017.11:7687438-7687460,-
TP53.212,CAGTGACCCGGAAGGCAGTC,CAGTGACCCGGAAGGCAGTC,NGG,109,2:3 | 3:17,0.4213509858,0.2328280061,213,NC_000017.11:7676597-7676619,+
TP53.1023,CAGTGGTTTCTTCTTTGGCT,CAGTGGTTTCTTCTTTGGCT,NGG,194,2:6 | 3:92,0.3659929931,0.06185540184,1024,NC_000017.11:7673559-7673581,+
TP53.780,CATCAAATCATCCATTGCTT,CATCAAATCATCCATTGCTT,NGG,143,2:2 | 3:46,0.5093590021,0.1822129935,781,NC_000017.11:7676237-7676259,+
TP53.1031,CATCCTCACCATCATCACAC,GTGTGATGATGGTGAGGATG,NGG,197,2:5 | 3:98,0.6434720159,0.09387899935,1032,NC_000017.11:7674191-7674213,-
TP53.454,CATGAGTTTTTTATGGCGGG,CATGAGTTTTTTATGGCGGG,NGG,121,2:1 | 3:24,0.6275470257,0.2782520056,455,NC_000017.11:7669639-7669661,+
TP53.149,CATGGCGCGGACGCGGGTGC,CATGGCGCGGACGCGGGTGC,NGG,105,2:0 | 3:11,0.2392549962,0.3895879984,150,NC_000017.11:7675132-7675154,+
TP53.312,CATGTAGTTGTAGTGGATGG,CATGTAGTTGTAGTGGATGG,NGG,114,2:0 | 3:19,0.6942290068,0.2748900056,313,NC_000017.11:7674252-7674274,+
TP53.535,CATGTGTAACAGTTCCTGCA,TGCAGGAACTGTTACACATG,NGG,125,2:0 | 3:29,0.5628749728,0.3512459993,536,NC_000017.11:7674233-7674255,-
TP53.479,CATTGCTTGGGACGGCAAGG,CATTGCTTGGGACGGCAAGG,NGG,122,2:1 | 3:24,0.6121969819,0.3434390128,480,NC_000017.11:7676249-7676271,+
TP53.983,CCAAAGAAGAAACCACTGGA,TCCAGTGGTTTCTTCTTTGG,NGG,178,2:5 | 3:85,0.5765330195,0.1013019979,984,NC_000017.11:7673554-7673576,-
TP53.856,CCAAGGCCTCATTCAGCTCT,CCAAGGCCTCATTCAGCTCT,NGG,152,2:2 | 3:59,0.4821459949,0.1155110002,857,NC_000017.11:7670664-7670686,+
TP53.564,CCACAACAAAACACCAGTGC,CCACAACAAAACACCAGTGC,NGG,127,2:4 | 3:28,0.5511609912,0.3451650143,565,NC_000017.11:7669423-7669445,+
TP53.68,CCACTTCACCGTACTAACCA,TGGTTAGTACGGTGAAGTGG,NGG,95,2:1 | 3:8,0.6809250116,0.3880339861,69,NC_000017.11:7669269-7669291,-
TP53.982,CCAGCCAAAGAAGAAACCAC,GTGGTTTCTTCTTTGGCTGG,NGG,177,2:3 | 3:82,0.575963974,0.09023369849,983,NC_000017.11:7673558-7673580,-
TP53.1114,CCAGGAGGGGGCTGGTGCAG,CCAGGAGGGGGCTGGTGCAG,NGG,335,2:21 | 3:224,0.3633239865,0.02616119944,1115,NC_000017.11:7676096-7676118,+
TP53.968,CCAGGGAGCAGGTAGCTGCT,AGCAGCTACCTGCTCCCTGG,NGG,174,2:5 | 3:74,0.5399389863,0.1025919989,969,NC_000017.11:7687446-7687468,-
TP53.740,CCAGTGGTTTCTTCTTTGGC,CCAGTGGTTTCTTCTTTGGC,NGG,139,2:1 | 3:45,0.2638849914,0.1044460014,741,NC_000017.11:7673558-7673580,+
TP53.80,CCATTGCTTGGGACGGCAAG,CCATTGCTTGGGACGGCAAG,NGG,97,2:0 | 3:9,0.4948849976,0.7389420271,81,NC_000017.11:7676248-7676270,+
TP53.14,CCATTGTTCAATATCGTCCG,CCATTGTTCAATATCGTCCG,NGG,56,2:1 | 3:0,0.6899070144,0.8282210231,15,NC_000017.11:7676210-7676232,+
TP53.262,CCCACCGACCAACAGGGAGA,CCCACCGACCAACAGGGAGA,NGG,112,2:2 | 3:25,0.6045179963,0.1204999983,263,NC_000017.11:7669068-7669090,+
TP53.51,CCCACTTCACCGTACTAACC,GGTTAGTACGGTGAAGTGGG,NGG,90,2:0 | 3:8,0.487789005,0.6207820177,52,NC_000017.11:7669270-7669292,-
TP53.942,CCCAGCAGCTACCTGCTCCC,CCCAGCAGCTACCTGCTCCC,NGG,168,2:4 | 3:70,0.4596959949,0.1049619988,943,NC_000017.11:7687446-7687468,+
TP53.1085,CCCAGGCTGGGAAGGAGCCA,TGGCTCCTTCCCAGCCTGGG,NGG,252,2:15 | 3:144,0.4753150046,0.0490816012,1086,NC_000017.11:7670629-7670651,-
TP53.19,CCCCGGACGATATTGAACAA,TTGTTCAATATCGTCCGGGG,NGG,61,2:0 | 3:3,0.673871994,0.8834199905,20,NC_000017.11:7676210-7676232,-
TP53.1099,CCCCTGGCTCCTTCCCAGCC,CCCCTGGCTCCTTCCCAGCC,NGG,269,2:13 | 3:170,0.2754940093,0.03263119981,1100,NC_000017.11:7670628-7670650,+
TP53.142,CCCCTTGCCGTCCCAAGCAA,TTGCTTGGGACGGCAAGGGG,NGG,104,2:1 | 3:8,0.4943009913,0.5664060116,143,NC_000017.11:7676248-7676270,-
TP53.562,CCCTCACAATGCACTCTGTG,CCCTCACAATGCACTCTGTG,NGG,127,2:1 | 3:28,0.6408730149,0.2336540073,563,NC_000017.11:7669174-7669196,+
TP53.293,CCCTCTCCCTGTTGGTCGGT,ACCGACCAACAGGGAGAGGG,NGG,113,2:2 | 3:15,0.4033490121,0.1807689965,294,NC_000017.11:7669068-7669090,-
TP53.1098,CCCTGGCTCCTTCCCAGCCT,CCCTGGCTCCTTCCCAGCCT,NGG,266,2:11 | 3:163,0.3188500106,0.03347700089,1099,NC_000017.11:7670629-7670651,+
TP53.603,CCCTGGTAGGTTTTCTGGGA,CCCTGGTAGGTTTTCTGGGA,NGG,129,2:2 | 3:34,0.3986580074,0.08783920109,604,NC_000017.11:7676055-7676077,+
TP53.106,CCCTGGTTAGTACGGTGAAG,CCCTGGTTAGTACGGTGAAG,NGG,101,2:0 | 3:5,0.5197089911,0.1992640048,107,NC_000017.11:7669269-7669291,+
TP53.581,CCCTTCCCAGAAAACCTACC,GGTAGGTTTTCTGGGAAGGG,NGG,128,2:0 | 3:42,0.4314799905,0.1642740071,582,NC_000017.11:7676056-7676078,-
TP53.413,CCGAGAGCTGAATGAGGCCT,AGGCCTCATTCAGCTCTCGG,NGG,119,2:1 | 3:27,0.4466060102,0.1960899979,414,NC_000017.11:7670664-7670686,-
TP53.59,CCGGTTCATGCCGCCCATGC,CCGGTTCATGCCGCCCATGC,NGG,93,2:0 | 3:2,0.4453490078,0.8291400075,60,NC_000017.11:7674219-7674241,+
TP53.530,CCTCACAGAGTGCATTGTGA,TCACAATGCACTCTGTGAGG,NGG,125,2:2 | 3:26,0.6622890234,0.2231390029,531,NC_000017.11:7669174-7669196,-
TP53.478,CCTCACCACGAGCTGCCCCC,GGGGGCAGCTCGTGGTGAGG,NGG,122,2:0 | 3:28,0.4380199909,0.2171829939,479,NC_000017.11:7673715-7673737,-
TP53.680,CCTGAGCATAAAACAAGTCT,CCTGAGCATAAAACAAGTCT,NGG,135,2:2 | 3:37,0.5280489922,0.2352129966,681,NC_000017.11:7668871-7668893,+
TP53.156,CCTGCATGGGCGGCATGAAC,GTTCATGCCGCCCATGCAGG,NGG,106,2:1 | 3:14,0.4104549885,0.3334960043,157,NC_000017.11:7674219-7674241,-
TP53.579,CCTGGGGGCAGCTCGTGGTG,CCTGGGGGCAGCTCGTGGTG,NGG,128,2:2 | 3:38,0.5436059833,0.2053229958,580,NC_000017.11:7673715-7673737,+
TP53.690,CCTGGTAGGTTTTCTGGGAA,CCTGGTAGGTTTTCTGGGAA,NGG,135,2:2 | 3:39,0.4800289869,0.08228649944,691,NC_000017.11:7676056-7676078,+
TP53.139,CCTGGTTAGTACGGTGAAGT,CCTGGTTAGTACGGTGAAGT,NGG,104,2:1 | 3:11,0.5746949911,0.248319,140,NC_000017.11:7669270-7669292,+
TP53.394,CGCACACCTATTGCAAGCAA,CGCACACCTATTGCAAGCAA,NGG,118,2:0 | 3:26,0.6148759723,0.09455479681,395,NC_000017.11:7669503-7669525,+
TP53.689,CGCGGACGCGGGTGCCGGGC,CGCGGACGCGGGTGCCGGGC,NGG,135,2:3 | 3:38,0.2846910059,0.1343069971,690,NC_000017.11:7675137-7675159,+
TP53.42,CGCTATCTGAGCAGCGCTCA,CGCTATCTGAGCAGCGCTCA,NGG,82,2:0 | 3:2,0.4282349944,0.9146779776,43,NC_000017.11:7675056-7675078,+
TP53.66,CGGCACCCGCGTCCGCGCCA,TGGCGCGGACGCGGGTGCCG,NGG,94,2:0 | 3:8,0.4039889872,0.5154489875,67,NC_000017.11:7675131-7675153,-
TP53.107,CGGGGCTCCACTGAACAAGT,ACTTGTTCAGTGGAGCCCCG,NGG,101,2:2 | 3:8,0.5908750296,0.4341560006,108,NC_000017.11:7669446-7669468,-
TP53.96,CGTCGAGCCCCCTCTGAGTC,GACTCAGAGGGGGCTCGACG,NGG,99,2:1 | 3:8,0.4347330034,0.4833289981,97,NC_000017.11:7676546-7676568,-
TP53.276,CGTCTGGGCTTCTTGCATTC,GAATGCAAGAAGCCCAGACG,NGG,112,2:0 | 3:16,0.07899519801,0.3087660074,277,NC_000017.11:7676019-7676041,-
TP53.236,CTACAGTTGGGCAGCTGGTT,AACCAGCTGCCCAACTGTAG,NGG,111,2:0 | 3:18,0.3444240093,0.3045980036,237,NC_000017.11:7669035-7669057,-
TP53.844,CTACCAACCCACCGACCAAC,CTACCAACCCACCGACCAAC,NGG,151,2:0 | 3:53,0.3901909888,0.1190410033,845,NC_000017.11:7669061-7669083,+
TP53.393,CTAGAACTTGACCCCCTTGA,TCAAGGGGGTCAAGTTCTAG,NGG,118,2:0 | 3:22,0.444855988,0.2126719952,394,NC_000017.11:7669099-7669121,-
TP53.578,CTCACCACGAGCTGCCCCCA,TGGGGGCAGCTCGTGGTGAG,NGG,128,2:2 | 3:34,0.5257419944,0.1953610033,579,NC_000017.11:7673714-7673736,-
TP53.159,CTCAGAGGGGGCTCGACGCT,CTCAGAGGGGGCTCGACGCT,NGG,106,2:1 | 3:16,0.5277029872,0.5353249907,160,NC_000017.11:7676551-7676573,+
TP53.229,CTCCATGGCAGTGACCCGGA,CTCCATGGCAGTGACCCGGA,NGG,110,2:6 | 3:15,0.626200974,0.2181890011,230,NC_000017.11:7676589-7676611,+
TP53.409,CTCCCTGTTGGTCGGTGGGT,ACCCACCGACCAACAGGGAG,NGG,119,2:2 | 3:21,0.464455992,0.1658210009,410,NC_000017.11:7669064-7669086,-
TP53.78,CTCCGGGGACACTTTGCGTT,AACGCAAAGTGTCCCCGGAG,NGG,96,2:1 | 3:6,0.2932760119,0.4733749926,79,NC_000017.11:7687423-7687445,-
TP53.244,CTCGGATAAGATGCTGAGGA,CTCGGATAAGATGCTGAGGA,NGG,111,2:0 | 3:20,0.5685529709,0.2744820118,245,NC_000017.11:7674942-7674964,+
TP53.172,CTGAACAAGTTGGCCTGCAC,GTGCAGGCCAACTTGTTCAG,NGG,107,2:2 | 3:12,0.4956049919,0.3944930136,173,NC_000017.11:7669436-7669458,-
TP53.377,CTGAGCAGCGCTCATGGTGG,CTGAGCAGCGCTCATGGTGG,NGG,117,2:0 | 3:24,0.476455003,0.232227996,378,NC_000017.11:7675062-7675084,+
TP53.863,CTGCTGGTGCAGGGGCCACG,CTGCTGGTGCAGGGGCCACG,NGG,152,2:8 | 3:57,0.2877199948,0.1289429963,864,NC_000017.11:7676134-7676156,+
TP53.745,CTGGGAGCTTCATCTGGACC,CTGGGAGCTTCATCTGGACC,NGG,139,2:4 | 3:43,0.3501560092,0.1742410064,746,NC_000017.11:7676175-7676197,+
TP53.754,CTGGGCATCCTTGAGTTCCA,CTGGGCATCCTTGAGTTCCA,NGG,140,2:2 | 3:46,0.53520298,0.09458489716,755,NC_000017.11:7670647-7670669,+
TP53.682,CTTCCATTTGCTTTGTCCCG,CGGGACAAAGCAAATGGAAG,NGG,135,2:4 | 3:35,0.4967049956,0.1140260026,683,NC_000017.11:7669464-7669486,-
TP53.357,CTTCCGGGTCACTGCCATGG,CCATGGCAGTGACCCGGAAG,NGG,116,2:1 | 3:21,0.6182820201,0.190000996,358,NC_000017.11:7676588-7676610,-
TP53.374,CTTGGAACTCAAGGATGCCC,GGGCATCCTTGAGTTCCAAG,NGG,117,2:0 | 3:23,0.5239700079,0.185709998,375,NC_000017.11:7670646-7670668,-
TP53.1024,CTTTGGCTGGGGAGAGGAGC,CTTTGGCTGGGGAGAGGAGC,NGG,194,2:8 | 3:95,0.3319100142,0.04883740097,1025,NC_000017.11:7673571-7673593,+
TP53.61,GAAACCGTAGCTGCCCTGGT,GAAACCGTAGCTGCCCTGGT,NGG,93,2:1 | 3:10,0.6607789993,0.3116419911,62,NC_000017.11:7676042-7676064,+
TP53.671,GAACATGAGTTTTTTATGGC,GAACATGAGTTTTTTATGGC,NGG,134,2:4 | 3:32,0.5181540251,0.2279289961,672,NC_000017.11:7669636-7669658,+
TP53.902,GAACTCAAGGATGCCCAGGC,GCCTGGGCATCCTTGAGTTC,NGG,159,2:0 | 3:64,0.4444920123,0.08838909864,903,NC_000017.11:7670642-7670664,-
TP53.174,GAAGAGAATCTCCGCAAGAA,TTCTTGCGGAGATTCTCTTC,NGG,107,2:2 | 3:13,0.478433013,0.3038629889,175,NC_000017.11:7673742-7673764,-
TP53.1092,GAAGGAGCCAGGGGGGAGCA,TGCTCCCCCCTGGCTCCTTC,NGG,257,2:13 | 3:154,0.5050150156,0.0322973989,1093,NC_000017.11:7670619-7670641,-
TP53.378,GAATCAACCCACAGCTGCAC,GAATCAACCCACAGCTGCAC,NGG,117,2:0 | 3:24,0.4351620078,0.3003459871,379,NC_000017.11:7675166-7675188,+
TP53.755,GAATGAGGCCTTGGAACTCA,TGAGTTCCAAGGCCTCATTC,NGG,140,2:4 | 3:46,0.5667039752,0.1543260068,756,NC_000017.11:7670655-7670677,-
TP53.715,GACAAAGCAAATGGAAGTCC,GACAAAGCAAATGGAAGTCC,NGG,137,2:4 | 3:38,0.430373013,0.150454998,716,NC_000017.11:7669470-7669492,+
TP53.1014,GACAGAAGATGACAGGGGCC,GACAGAAGATGACAGGGGCC,NGG,188,2:5 | 3:90,0.4813730121,0.06901430339,1015,NC_000017.11:7676078-7676100,+
TP53.372,GACAGCTTCCCTGGTTAGTA,GACAGCTTCCCTGGTTAGTA,NGG,117,2:0 | 3:20,0.5243200064,0.2791320086,373,NC_000017.11:7669261-7669283,+
TP53.1110,GACAGGGGCCAGGAGGGGGC,GACAGGGGCCAGGAGGGGGC,NGG,316,2:17 | 3:214,0.4744229913,0.01829640009,1111,NC_000017.11:7676088-7676110,+
TP53.348,GACCCTTTTTGGACTTCAGG,GACCCTTTTTGGACTTCAGG,NGG,116,2:0 | 3:20,0.510661006,0.2080920041,349,NC_000017.11:7669668-7669690,+
TP53.860,GACCTGCCCTGTGCAGCTGT,ACAGCTGCACAGGGCAGGTC,NGG,152,2:6 | 3:52,0.5234429836,0.1054460034,861,NC_000017.11:7675173-7675195,-
TP53.29,GACGGAAACCGTAGCTGCCC,GACGGAAACCGTAGCTGCCC,NGG,75,2:0 | 3:7,0.5023440123,0.4091440141,30,NC_000017.11:7676038-7676060,+
TP53.531,GACTTCCATTTGCTTTGTCC,GGACAAAGCAAATGGAAGTC,NGG,125,2:4 | 3:28,0.3507730067,0.1904540062,532,NC_000017.11:7669466-7669488,-
TP53.713,GAGCATAAAACAAGTCTTGG,GAGCATAAAACAAGTCTTGG,NGG,137,2:3 | 3:36,0.5394150019,0.2343250066,714,NC_000017.11:7668874-7668896,+
TP53.264,GAGCCCCGGGACAAAGCAAA,GAGCCCCGGGACAAAGCAAA,NGG,112,2:2 | 3:15,0.5184770226,0.2656080127,265,NC_000017.11:7669461-7669483,+
TP53.344,GAGGGAACAAGCACCCTCAA,GAGGGAACAAGCACCCTCAA,NGG,116,2:3 | 3:22,0.5300409794,0.3302719891,345,NC_000017.11:7669086-7669108,+
TP53.533,GAGTGAGCCCTGCTCCCCCC,GAGTGAGCCCTGCTCCCCCC,NGG,125,2:4 | 3:31,0.4222559929,0.1596080065,534,NC_000017.11:7670612-7670634,+
TP53.681,GATGAAATCCTCCAGGGTGT,GATGAAATCCTCCAGGGTGT,NGG,135,2:0 | 3:38,0.5889840126,0.1651200056,682,NC_000017.11:7668919-7668941,+
TP53.420,GATGGCCATGGCGCGGACGC,GATGGCCATGGCGCGGACGC,NGG,119,2:1 | 3:31,0.4700480103,0.535360992,421,NC_000017.11:7675126-7675148,+
TP53.399,GATGTTCCGAGAGCTGAATG,CATTCAGCTCTCGGAACATC,NGG,118,2:2 | 3:24,0.605076015,0.2073609978,400,NC_000017.11:7670670-7670692,-
TP53.351,GATTCTCTTCCTCTGTGCGC,GATTCTCTTCCTCTGTGCGC,NGG,116,2:0 | 3:21,0.5792019963,0.2873010039,352,NC_000017.11:7673755-7673777,+
TP53.770,GCAGCTACCTGCTCCCTGGA,GCAGCTACCTGCTCCCTGGA,NGG,141,2:5 | 3:46,0.5493149757,0.09744749963,771,NC_000017.11:7687450-7687472,+
TP53.934,GCAGGTAGCTGCTGGGCTCC,GGAGCCCAGCAGCTACCTGC,NGG,167,2:0 | 3:72,0.3349969983,0.07199340314,935,NC_000017.11:7687439-7687461,-
TP53.496,GCAGTCACAGCACATGACGG,CCGTCATGTGCTGTGACTGC,NGG,123,2:1 | 3:27,0.6942629814,0.2827869952,497,NC_000017.11:7675098-7675120,-
TP53.316,GCATCAAATCATCCATTGCT,GCATCAAATCATCCATTGCT,NGG,114,2:1 | 3:14,0.4815419912,0.2546550035,317,NC_000017.11:7676236-7676258,+
TP53.32,GCCACGGGGGGAGCAGCCTC,GCCACGGGGGGAGCAGCCTC,NGG,76,2:0 | 3:20,0.3502869904,0.2762899995,33,NC_000017.11:7676148-7676170,+
TP53.644,GCCAGAGGCTGCTCCCCCCG,CGGGGGGAGCAGCCTCTGGC,NGG,132,2:4 | 3:43,0.6213880181,0.1746439934,645,NC_000017.11:7676149-7676171,-
TP53.1059,GCCAGGAGGGGGCTGGTGCA,GCCAGGAGGGGGCTGGTGCA,NGG,228,2:11 | 3:121,0.3562270105,0.06072900072,1060,NC_000017.11:7676095-7676117,+
TP53.20,GCCCGAACGCAAAGTGTCCC,GCCCGAACGCAAAGTGTCCC,NGG,63,2:0 | 3:2,0.5151780248,0.6406120062,21,NC_000017.11:7687421-7687443,+
TP53.247,GCCGCCGGTGTAGGAGCTGC,GCCGCCGGTGTAGGAGCTGC,NGG,111,2:1 | 3:13,0.4168019891,0.2107550055,248,NC_000017.11:7676118-7676140,+
TP53.702,GCGCGGACGCGGGTGCCGGG,GCGCGGACGCGGGTGCCGGG,NGG,136,2:3 | 3:43,0.282047987,0.198014006,703,NC_000017.11:7675136-7675158,+
TP53.859,GCGGACGCGGGTGCCGGGCG,GCGGACGCGGGTGCCGGGCG,NGG,152,2:6 | 3:61,0.2580249906,0.1170160025,860,NC_000017.11:7675138-7675160,+
TP53.453,GCTACCTGCTCCCTGGACGG,GCTACCTGCTCCCTGGACGG,NGG,120,2:0 | 3:29,0.6282969713,0.315328002,454,NC_000017.11:7687453-7687475,+
TP53.775,GCTCCTCCATGGCAGTGACC,GCTCCTCCATGGCAGTGACC,NGG,142,2:4 | 3:43,0.5450819731,0.1441099942,776,NC_000017.11:7676585-7676607,+
TP53.1017,GCTGCTGGTGCAGGGGCCAC,GCTGCTGGTGCAGGGGCCAC,NGG,191,2:4 | 3:95,0.33613801,0.06796579808,1018,NC_000017.11:7676133-7676155,+
TP53.1052,GCTGGTGCAGGGGCCACGGG,GCTGGTGCAGGGGCCACGGG,NGG,221,2:6 | 3:122,0.4378939867,0.06070959941,1053,NC_000017.11:7676136-7676158,+
TP53.158,GCTTGTAGATGGCCATGGCG,GCTTGTAGATGGCCATGGCG,NGG,106,2:1 | 3:16,0.6330869794,0.2330659926,159,NC_000017.11:7675119-7675141,+
TP53.1121,GGAAGGAGCCAGGGGGGAGC,GCTCCCCCCTGGCTCCTTCC,NGG,420,2:16 | 3:313,0.3141219914,0.02878220007,1122,NC_000017.11:7670620-7670642,-
TP53.1097,GGAAGGGACAGAAGATGACA,GGAAGGGACAGAAGATGACA,NGG,264,2:13 | 3:155,0.644792974,0.03931190073,1098,NC_000017.11:7676072-7676094,+
TP53.36,GGACACTTTGCGTTCGGGCT,AGCCCGAACGCAAAGTGTCC,NGG,76,2:0 | 3:3,0.3677470088,0.9609209895,37,NC_000017.11:7687417-7687439,-
TP53.716,GGAGAATGTCAGTCTGAGTC,GGAGAATGTCAGTCTGAGTC,NGG,137,2:2 | 3:38,0.4849840105,0.2303850055,717,NC_000017.11:7669601-7669623,+
TP53.885,GGAGAGGAGCTGGTGTTGTT,GGAGAGGAGCTGGTGTTGTT,NGG,156,2:5 | 3:57,0.3634130061,0.1972849965,886,NC_000017.11:7673581-7673603,+
TP53.744,GGAGCAGCCTCTGGCATTCT,GGAGCAGCCTCTGGCATTCT,NGG,139,2:6 | 3:41,0.2442120016,0.2424159944,745,NC_000017.11:7676157-7676179,+
TP53.914,GGAGGTAGACTGACCCTTTT,GGAGGTAGACTGACCCTTTT,NGG,162,2:3 | 3:63,0.2129099965,0.2549329996,915,NC_000017.11:7669657-7669679,+
TP53.515,GGATGATTTGATGCTGTCCC,GGGACAGCATCAAATCATCC,NGG,124,2:2 | 3:31,0.5293949842,0.2312059999,516,NC_000017.11:7676227-7676249,-
TP53.44,GGCAGCTACGGTTTCCGTCT,AGACGGAAACCGTAGCTGCC,NGG,83,2:0 | 3:6,0.3976120055,0.5957120061,45,NC_000017.11:7676034-7676056,-
TP53.514,GGCATTCTGGGAGCTTCATC,GGCATTCTGGGAGCTTCATC,NGG,124,2:0 | 3:28,0.31378901,0.2564829886,515,NC_000017.11:7676169-7676191,+
TP53.346,GGCCCATATCTGTGAAATGC,GCATTTCACAGATATGGGCC,NGG,116,2:2 | 3:16,0.4988920093,0.3808740079,347,NC_000017.11:7669209-7669231,-
TP53.345,GGGAACAAGCACCCTCAAGG,GGGAACAAGCACCCTCAAGG,NGG,116,2:0 | 3:22,0.75158602,0.3061380088,346,NC_000017.11:7669088-7669110,+
TP53.1070,GGGAAGGGACAGAAGATGAC,GGGAAGGGACAGAAGATGAC,NGG,233,2:8 | 3:130,0.5307210088,0.0753396973,1071,NC_000017.11:7676071-7676093,+
TP53.7,GGGACACTTTGCGTTCGGGC,GCCCGAACGCAAAGTGTCCC,NGG,46,2:0 | 3:2,0.3224810064,0.8957279921,8,NC_000017.11:7687418-7687440,-
TP53.1003,GGGAGAGGAGCTGGTGTTGT,GGGAGAGGAGCTGGTGTTGT,NGG,184,2:3 | 3:93,0.2749710083,0.1056609973,1004,NC_000017.11:7673580-7673602,+
TP53.509,GGGAGTTGTCAAGTCTCTGC,GCAGAGACTTGACAACTCCC,NGG,124,2:2 | 3:31,0.4772410095,0.1639229953,510,NC_000017.11:7669008-7669030,-
TP53.10,GGGCAGCTACGGTTTCCGTC,GACGGAAACCGTAGCTGCCC,NGG,49,2:0 | 3:5,0.3185180128,0.4657959938,11,NC_000017.11:7676035-7676057,-
TP53.1100,GGGGCTGGTGCAGGGGCCGC,GGGGCTGGTGCAGGGGCCGC,NGG,270,2:9 | 3:172,0.3925440013,0.03611730039,1101,NC_000017.11:7676103-7676125,+
TP53.1019,GGGGGTGGGAGGCTGTCAGT,GGGGGTGGGAGGCTGTCAGT,NGG,192,2:10 | 3:90,0.5113459826,0.07846610248,1020,NC_000017.11:7669567-7669589,+
TP53.1041,GGGGTGGGAGGCTGTCAGTG,GGGGTGGGAGGCTGTCAGTG,NGG,208,2:12 | 3:107,0.4662280083,0.06665769964,1042,NC_000017.11:7669568-7669590,+
TP53.392,GGGTTGGTAGTTTCTACAGT,ACTGTAGAAACTACCAACCC,NGG,118,2:0 | 3:20,0.4535059929,0.3407439888,393,NC_000017.11:7669048-7669070,-
TP53.199,GGTGAACCTTAGTACCTAAA,TTTAGGTACTAAGGTTCACC,NGG,109,2:0 | 3:10,0.3326550126,0.4853720069,200,NC_000017.11:7668956-7668978,-
TP53.73,GGTGACACGCTTCCCTGGAT,ATCCAGGGAAGCGTGTCACC,NGG,95,2:0 | 3:7,0.4309209883,0.4444899857,74,NC_000017.11:7687377-7687399,-
TP53.416,GGTGAGGCTCCCCTTTCTTG,GGTGAGGCTCCCCTTTCTTG,NGG,119,2:1 | 3:25,0.5452539921,0.2228180021,417,NC_000017.11:7673731-7673753,+
TP53.422,GGTGCAGGGGCCGCCGGTGT,GGTGCAGGGGCCGCCGGTGT,NGG,119,2:1 | 3:30,0.3927449882,0.4203189909,423,NC_000017.11:7676109-7676131,+
TP53.985,GGTGTAGGAGCTGCTGGTGC,GGTGTAGGAGCTGCTGGTGC,NGG,178,2:10 | 3:78,0.3471710086,0.05021230131,986,NC_000017.11:7676124-7676146,+
TP53.201,GGTGTGCGTCAGAAGCACCC,GGGTGCTTCTGACGCACACC,NGG,109,2:2 | 3:19,0.6774110198,0.3013660014,202,NC_000017.11:7669488-7669510,-
TP53.436,GGTTGGTAGTTTCTACAGTT,AACTGTAGAAACTACCAACC,NGG,120,2:0 | 3:21,0.4311470091,0.3645119965,437,NC_000017.11:7669047-7669069,-
TP53.246,GTCTGGGCTTCTTGCATTCT,AGAATGCAAGAAGCCCAGAC,NGG,111,2:3 | 3:26,0.1996909976,0.1704130024,247,NC_000017.11:7676018-7676040,-
TP53.415,GTGAAATATTCTCCATCCAG,GTGAAATATTCTCCATCCAG,NGG,119,2:0 | 3:28,0.6019240022,0.2602680027,416,NC_000017.11:7673542-7673564,+
TP53.328,GTGCAGGCCAACTTGTTCAG,GTGCAGGCCAACTTGTTCAG,NGG,115,2:2 | 3:17,0.6143159866,0.3039000034,329,NC_000017.11:7669439-7669461,+
TP53.657,GTGCCTGTCCTGGGAGAGAC,GTCTCTCCCAGGACAGGCAC,NGG,133,2:0 | 3:40,0.4684939981,0.1532869935,658,NC_000017.11:7673774-7673796,-
TP53.726,GTGCGTGTTTGTGCCTGTCC,GGACAGGCACAAACACGCAC,NGG,138,2:3 | 3:42,0.3361800015,0.2144799978,727,NC_000017.11:7673784-7673806,-
TP53.405,GTGCTGTGACTGCTTGTAGA,GTGCTGTGACTGCTTGTAGA,NGG,118,2:1 | 3:22,0.4503659904,0.3614529967,406,NC_000017.11:7675108-7675130,+
TP53.263,GTGGGCCCCTACCTAGAATG,GTGGGCCCCTACCTAGAATG,NGG,112,2:1 | 3:14,0.6777780056,0.432637006,264,NC_000017.11:7669288-7669310,+
TP53.958,GTGTAGGAGCTGCTGGTGCA,GTGTAGGAGCTGCTGGTGCA,NGG,172,2:3 | 3:76,0.4241249859,0.09841430187,959,NC_000017.11:7676125-7676147,+
TP53.75,GTTGATTCCACACCCCCGCC,GGCGGGGGTGTGGAATCAAC,NGG,96,2:2 | 3:5,0.5471029878,0.4945990145,76,NC_000017.11:7675151-7675173,-
TP53.861,GTTGGCAAAACATCTTGTTG,GTTGGCAAAACATCTTGTTG,NGG,152,2:3 | 3:54,0.6060270071,0.1408179998,862,NC_000017.11:7675203-7675225,+
TP53.261,GTTGTCAGACAGGGTTTGGC,GTTGTCAGACAGGGTTTGGC,NGG,112,2:2 | 3:20,0.3101750016,0.2572399974,262,NC_000017.11:7668984-7669006,+
TP53.929,TAAGAGATCGATATAAAAAT,TAAGAGATCGATATAAAAAT,NGG,167,2:2 | 3:67,0.4216170013,0.07954780012,930,NC_000017.11:7668445-7668467,+
TP53.259,TACAAGAGATGAAATCCTCC,TACAAGAGATGAAATCCTCC,NGG,112,2:1 | 3:17,0.520851016,0.3198339939,260,NC_000017.11:7668912-7668934,+
TP53.292,TACCAACCCACCGACCAACA,TACCAACCCACCGACCAACA,NGG,113,2:1 | 3:16,0.6696040034,0.3369959891,293,NC_000017.11:7669062-7669084,+
TP53.1000,TAGAGAAAATTCAACAGTGA,TAGAGAAAATTCAACAGTGA,NGG,183,2:4 | 3:89,0.59068501,0.1178369969,1001,NC_000017.11:7669239-7669261,+
TP53.134,TATCTGAGCAGCGCTCATGG,TATCTGAGCAGCGCTCATGG,NGG,103,2:0 | 3:10,0.610747993,0.5711730123,135,NC_000017.11:7675059-7675081,+
TP53.226,TCACCAAGAGGTTGTCAGAC,TCACCAAGAGGTTGTCAGAC,NGG,110,2:1 | 3:12,0.444983989,0.3476780057,227,NC_000017.11:7668974-7668996,+
TP53.315,TCCACTCGGATAAGATGCTG,TCCACTCGGATAAGATGCTG,NGG,114,2:0 | 3:19,0.6395850182,0.3193480074,316,NC_000017.11:7674938-7674960,+
TP53.1013,TCCAGGGAGCAGGTAGCTGC,GCAGCTACCTGCTCCCTGGA,NGG,187,2:7 | 3:83,0.3244900107,0.09869159758,1014,NC_000017.11:7687447-7687469,-
TP53.100,TCCATTGCTTGGGACGGCAA,TCCATTGCTTGGGACGGCAA,NGG,100,2:0 | 3:4,0.5208470225,0.8796380162,101,NC_000017.11:7676247-7676269,+
TP53.639,TCCCCTGCCATTTTGGGTTT,AAACCCAAAATGGCAGGGGA,NGG,132,2:3 | 3:36,0.09967640042,0.1609999985,640,NC_000017.11:7669535-7669557,-
TP53.477,TCCCTCTCCCTGTTGGTCGG,CCGACCAACAGGGAGAGGGA,NGG,122,2:2 | 3:28,0.4756669998,0.2372850031,478,NC_000017.11:7669069-7669091,-
TP53.39,TCCGGGGACACTTTGCGTTC,GAACGCAAAGTGTCCCCGGA,NGG,78,2:0 | 3:4,0.3161489964,0.8261709809,40,NC_000017.11:7687422-7687444,-
TP53.243,TCCTCAGCATCTTATCCGAG,CTCGGATAAGATGCTGAGGA,NGG,111,2:0 | 3:16,0.6452299953,0.3961499929,244,NC_000017.11:7674939-7674961,-
TP53.8,TCGACGCTAGGATCTGACTG,TCGACGCTAGGATCTGACTG,NGG,47,2:0 | 3:4,0.8109279871,0.679723978,9,NC_000017.11:7676563-7676585,+
TP53.275,TCGGATAAGATGCTGAGGAG,TCGGATAAGATGCTGAGGAG,NGG,112,2:1 | 3:16,0.6791049838,0.2160020024,276,NC_000017.11:7674943-7674965,+
TP53.186,TCTAGAACTTGACCCCCTTG,CAAGGGGGTCAAGTTCTAGA,NGG,108,2:0 | 3:15,0.5490390062,0.4801459908,187,NC_000017.11:7669100-7669122,-
TP53.410,TCTAGACCCCATGTAATAAA,TCTAGACCCCATGTAATAAA,NGG,119,2:2 | 3:22,0.3007239997,0.2845340073,411,NC_000017.11:7669117-7669139,+
TP53.1080,TCTCACCCCATCCCACACCC,GGGTGTGGGATGGGGTGAGA,NGG,245,2:10 | 3:141,0.5934240222,0.09444300085,1081,NC_000017.11:7668930-7668952,-
TP53.1022,TCTCCCTCCCCTGCCATTTT,AAAATGGCAGGGGAGGGAGA,NGG,194,2:6 | 3:93,0.2029390037,0.088988401,1023,NC_000017.11:7669541-7669563,-
TP53.13,TCTCGAAGCGCTCACGCCCA,TCTCGAAGCGCTCACGCCCA,NGG,55,2:0 | 3:2,0.5747680068,0.9488840103,14,NC_000017.11:7670691-7670713,+
TP53.439,TCTGAGCAGCGCTCATGGTG,TCTGAGCAGCGCTCATGGTG,NGG,120,2:0 | 3:22,0.4290109873,0.3616110086,440,NC_000017.11:7675061-7675083,+
TP53.417,TCTGTGCGCCGGTCTCTCCC,TCTGTGCGCCGGTCTCTCCC,NGG,119,2:3 | 3:18,0.503319025,0.1634790003,418,NC_000017.11:7673766-7673788,+
TP53.994,TCTTGAACATGAGTTTTTTA,TCTTGAACATGAGTTTTTTA,NGG,181,2:1 | 3:83,0.241019994,0.09051019698,995,NC_000017.11:7669632-7669654,+
TP53.819,TGAAACCACCTTTTATTACA,TGTAATAAAAGGTGGTTTCA,NGG,149,2:4 | 3:51,0.424793005,0.1530009955,820,NC_000017.11:7669125-7669147,-
TP53.847,TGAACATGAGTTTTTTATGG,TGAACATGAGTTTTTTATGG,NGG,151,2:5 | 3:52,0.5993610024,0.1027180031,848,NC_000017.11:7669635-7669657,+
TP53.882,TGAAGCTCCCAGAATGCCAG,CTGGCATTCTGGGAGCTTCA,NGG,155,2:2 | 3:58,0.6815760136,0.1313389987,883,NC_000017.11:7676164-7676186,-
TP53.298,TGACTGCTTGTAGATGGCCA,TGACTGCTTGTAGATGGCCA,NGG,113,2:0 | 3:20,0.577813983,0.309009999,299,NC_000017.11:7675114-7675136,+
TP53.784,TGATGGTGAGGATGGGCCTC,TGATGGTGAGGATGGGCCTC,NGG,144,2:4 | 3:45,0.5443230271,0.2030050009,785,NC_000017.11:7674200-7674222,+
TP53.879,TGCACCAGCAGCTCCTACAC,GTGTAGGAGCTGCTGGTGCA,NGG,154,2:6 | 3:53,0.560190022,0.1411859989,880,NC_000017.11:7676122-7676144,-
TP53.670,TGCCAGCATTTCACAGATAT,TGCCAGCATTTCACAGATAT,NGG,134,2:2 | 3:35,0.4574010074,0.1980129927,671,NC_000017.11:7669207-7669229,+
TP53.704,TGCCTTCCGGGTCACTGCCA,TGGCAGTGACCCGGAAGGCA,NGG,136,2:5 | 3:37,0.4632030129,0.09345799685,705,NC_000017.11:7676591-7676613,-
TP53.742,TGCGTGTTTGTGCCTGTCCT,AGGACAGGCACAAACACGCA,NGG,139,2:6 | 3:47,0.4891180098,0.1012210026,743,NC_000017.11:7673783-7673805,-
TP53.810,TGCTCCCTGGGGGCAGCTCG,TGCTCCCTGGGGGCAGCTCG,NGG,148,2:6 | 3:52,0.5164740086,0.1150659993,811,NC_000017.11:7673710-7673732,+
TP53.908,TGCTGGTGCAGGGGCCACGG,TGCTGGTGCAGGGGCCACGG,NGG,160,2:6 | 3:62,0.4785020053,0.1203470007,909,NC_000017.11:7676135-7676157,+
TP53.954,TGCTTGTTCCCTCTCCCTGT,ACAGGGAGAGGGAACAAGCA,NGG,172,2:10 | 3:67,0.4926570058,0.09249330312,955,NC_000017.11:7669076-7669098,-
TP53.311,TGGGAGAGACCGGCGCACAG,CTGTGCGCCGGTCTCTCCCA,NGG,114,2:1 | 3:19,0.6932029724,0.3925920129,312,NC_000017.11:7673764-7673786,-
TP53.98,TGGGAGCGTGCTTTCCACGA,TCGTGGAAAGCACGCTCCCA,NGG,99,2:0 | 3:5,0.6425169706,0.8003020287,99,NC_000017.11:7687398-7687420,-
TP53.837,TGGGAGCTTCATCTGGACCT,TGGGAGCTTCATCTGGACCT,NGG,150,2:5 | 3:56,0.5656170249,0.06536380202,838,NC_000017.11:7676176-7676198,+
TP53.951,TGGGCAGCTGGTTAGGTAGA,TCTACCTAACCAGCTGCCCA,NGG,171,2:3 | 3:76,0.5528879762,0.05610879883,952,NC_000017.11:7669028-7669050,-
TP53.402,TGTAACAGTTCCTGCATGGG,CCCATGCAGGAACTGTTACA,NGG,118,2:2 | 3:17,0.6126019955,0.3306699991,403,NC_000017.11:7674229-7674251,-
TP53.845,TGTAATAAAAGGTGGTTTCA,TGTAATAAAAGGTGGTTTCA,NGG,151,2:1 | 3:53,0.4208520055,0.1392060071,846,NC_000017.11:7669128-7669150,+
TP53.1044,TGTAGGAGCTGCTGGTGCAG,TGTAGGAGCTGCTGGTGCAG,NGG,212,2:15 | 3:103,0.5748170018,0.06411319971,1045,NC_000017.11:7676126-7676148,+
TP53.832,TGTCAGTGGGGAACAAGAAG,TGTCAGTGGGGAACAAGAAG,NGG,150,2:4 | 3:52,0.5858169794,0.1457269937,833,NC_000017.11:7669580-7669602,+
TP53.548,TGTTACACATGTAGTTGTAG,TGTTACACATGTAGTTGTAG,NGG,126,2:2 | 3:25,0.616765976,0.2093500048,549,NC_000017.11:7674245-7674267,+
TP53.437,TGTTCCCTCTCCCTGTTGGT,ACCAACAGGGAGAGGGAACA,NGG,120,2:1 | 3:25,0.5512589812,0.3524819911,438,NC_000017.11:7669072-7669094,-
TP53.1043,TTGAATTTTCTCTAACTTCA,TGAAGTTAGAGAAAATTCAA,NGG,211,2:10 | 3:107,0.3374769986,0.07657150179,1044,NC_000017.11:7669230-7669252,-
TP53.635,TTGGCAAAACATCTTGTTGA,TTGGCAAAACATCTTGTTGA,NGG,131,2:2 | 3:33,0.5042300224,0.1966480017,636,NC_000017.11:7675204-7675226,+
TP53.307,TTGGGCAGCTGGTTAGGTAG,CTACCTAACCAGCTGCCCAA,NGG,114,2:0 | 3:22,0.4899860024,0.2372239977,308,NC_000017.11:7669029-7669051,-
TP53.922,TTGTCAGACAGGGTTTGGCT,TTGTCAGACAGGGTTTGGCT,NGG,164,2:2 | 3:65,0.488936007,0.1446769983,923,NC_000017.11:7668985-7669007,+
TP53.638,TTTGAACCCTTGCTTGCAAT,ATTGCAAGCAAGGGTTCAAA,NGG,132,2:0 | 3:38,0.3870539963,0.2678140104,639,NC_000017.11:7669509-7669531,-
TP53.714,TTTTTACTGTGAGGGATGTT,AACATCCCTCACAGTAAAAA,NGG,137,2:2 | 3:43,0.3338119984,0.1896689981,715,NC_000017.11:7669357-7669379,-
